<?xml version="1.0" encoding="utf-8"?>
<extension type="module" version="3.1.0" client="site" method="upgrade">
    <name>Property</name>
    <author>LZX</author>
    <version>1.0.0</version>
    <description>Property Module for Property Component</description>
    <files>
        <filename>mod_property.xml</filename>
        <filename module="mod_property">mod_property.php</filename>
        <filename>index.html</filename>
        <filename>helper.php</filename>
        <filename>tmpl/default.php</filename>
        <filename>tmpl/index.html</filename>
    </files>
    <config>
    </config>
</extension>