<?xml version="1.0" encoding="utf-8"?>
<extension type="component" version="3.1.0" method="upgrade">
 
	<name>Property</name>
	<!-- The following elements are optional and free of formatting constraints -->
	<creationDate>January 2015</creationDate>
	<author>LZX</author>
	<copyright>Copyright Info</copyright>
	<license>License Info</license>
	<!--  The version string is recorded in the components table -->
	<version>0.0.1</version>
	<!-- The description is optional and defaults to the name -->
	<description>Property Component</description>

	<files folder="site">
		<filename>index.html</filename>
		<filename>property.php</filename>
		<filename>controller.php</filename>
		<filename>router.php</filename>
		<folder>views</folder>
		<folder>models</folder>
	</files>
 
	<administration>
		<menu>Property</menu>
		<files folder="admin">
			<filename>index.html</filename>
			<filename>property.php</filename>
			<filename>controller.php</filename>
			<folder>models</folder>
			<folder>views</folder>
		</files>
	</administration>
</extension>